dataset,num_nodes,num_edges,layers,hidden,feature_dim,epochs,warmup_epochs,backend,device,repeat_runs,segment_timing,exclude_preprocess,backend_warmup_iters,preprocess_sec_excluded,train_time_sec,train_time_std_sec,time_per_epoch_ms,time_per_epoch_std_ms,forward_ms_per_epoch,backward_ms_per_epoch,zero_grad_ms_per_epoch,step_ms_per_epoch
DD,334925,1686092,3,128,128,100,30,external:external_backend_spmm.dtc_spmm,cuda:0,2,1,1,2,0.025567,0.907503,0.000239,9.075029,0.002389,4.029998,4.930893,0.002314,0.064742
ddi,4267,2140089,3,128,128,100,30,external:external_backend_spmm.dtc_spmm,cuda:0,2,1,1,2,0.055703,0.267959,0.000279,2.679590,0.002785,1.318021,1.250202,0.002381,0.063939
OVCAR-8H,1889542,3946402,3,128,128,100,30,external:external_backend_spmm.dtc_spmm,cuda:0,2,1,1,2,0.011540,4.648444,0.001177,46.484438,0.011771,20.873303,25.496663,0.002365,0.064993
protein,132534,79255038,3,128,128,100,30,external:external_backend_spmm.dtc_spmm,cuda:0,2,1,1,2,0.263947,5.010301,0.000745,50.103008,0.007454,24.837309,25.152650,0.002248,0.063882
reddit,232965,114848857,3,128,128,100,30,external:external_backend_spmm.dtc_spmm,cuda:0,2,1,1,2,1.358750,12.669928,0.005822,126.699276,0.058219,62.910935,63.670543,0.002376,0.063959
web-BerkStan,685230,7600595,3,128,128,100,30,external:external_backend_spmm.dtc_spmm,cuda:0,2,1,1,2,0.284232,5.088094,0.002386,50.880941,0.023860,8.536540,42.230876,0.002330,0.063954
Yeast,1710902,3636546,3,128,128,100,30,external:external_backend_spmm.dtc_spmm,cuda:0,2,1,1,2,0.010549,4.258322,0.003490,42.583224,0.034901,19.076920,23.391181,0.002345,0.065280
YeastH,3138114,6487230,3,128,128,100,30,external:external_backend_spmm.dtc_spmm,cuda:0,2,1,1,2,0.017781,7.765108,0.004874,77.651085,0.048745,35.025598,42.509440,0.002391,0.065367
mip1,66463,10352819,3,128,128,100,30,external:external_backend_spmm.dtc_spmm,cuda:0,2,1,1,2,0.425435,5.180255,0.000706,51.802550,0.007059,25.707382,25.981368,0.002330,0.064338
dc2,116835,766396,3,128,128,100,30,external:external_backend_spmm.dtc_spmm,cuda:0,2,1,1,2,0.563814,9.214558,0.000496,92.145582,0.004963,46.902538,45.128392,0.002289,0.063764
ASIC_680k,682862,3871773,3,128,128,100,30,external:external_backend_spmm.dtc_spmm,cuda:0,2,1,1,2,1.873974,34.463318,0.022111,344.633181,0.221107,171.357287,173.153244,0.002340,0.064010
pwtk,217918,11634424,3,128,128,100,30,external:external_backend_spmm.dtc_spmm,cuda:0,2,1,1,2,0.024169,0.707707,0.000193,7.077068,0.001931,3.190221,3.774285,0.002314,0.063841
rma10,46835,2374001,3,128,128,100,30,external:external_backend_spmm.dtc_spmm,cuda:0,2,1,1,2,0.008419,0.191207,0.000033,1.912069,0.000326,0.846520,0.954230,0.002355,0.064092
shipsec1,140874,7813404,3,128,128,100,30,external:external_backend_spmm.dtc_spmm,cuda:0,2,1,1,2,0.017351,0.518995,0.000009,5.189955,0.000086,2.364529,2.713738,0.002371,0.063811
scircuit,170998,958936,3,128,128,100,30,external:external_backend_spmm.dtc_spmm,cuda:0,2,1,1,2,0.006050,0.512670,0.000007,5.126698,0.000072,2.292813,2.721720,0.002365,0.064159
conf5_4-8x8-10,49152,1916928,3,128,128,100,30,external:external_backend_spmm.dtc_spmm,cuda:0,2,1,1,2,0.006147,0.205301,0.000015,2.053009,0.000147,0.910495,1.031122,0.002319,0.064148
mc2depi,525825,2100225,3,128,128,100,30,external:external_backend_spmm.dtc_spmm,cuda:0,2,1,1,2,0.006604,1.425893,0.000947,14.258934,0.009472,6.397097,7.749371,0.002355,0.064343
cop20k_A,121192,2624331,3,128,128,100,30,external:external_backend_spmm.dtc_spmm,cuda:0,2,1,1,2,0.007605,0.439357,0.000033,4.393573,0.000331,1.992361,2.289347,0.002314,0.063985
webbase-1M,1000005,3105536,3,128,128,100,30,external:external_backend_spmm.dtc_spmm,cuda:0,2,1,1,2,0.117079,3.833438,0.001593,38.334378,0.015934,12.366290,25.855104,0.002324,0.063882
mac_econ_fwd500,206500,1273389,3,128,128,100,30,external:external_backend_spmm.dtc_spmm,cuda:0,2,1,1,2,0.004992,0.596200,0.000062,5.961995,0.000619,2.656538,3.194015,0.002278,0.063739
pdb1HYS,36417,4344765,3,128,128,100,30,external:external_backend_spmm.dtc_spmm,cuda:0,2,1,1,2,0.013921,0.190456,0.000040,1.904556,0.000404,0.846566,0.946427,0.002360,0.064287
consph,83334,6010480,3,128,128,100,30,external:external_backend_spmm.dtc_spmm,cuda:0,2,1,1,2,0.014757,0.352520,0.000104,3.525196,0.001044,1.610701,1.802516,0.002330,0.064097
cant,62451,4007383,3,128,128,100,30,external:external_backend_spmm.dtc_spmm,cuda:0,2,1,1,2,0.011443,0.271155,0.000001,2.711548,0.000007,1.228856,1.371075,0.002273,0.064077
eu-2005,862664,19235140,3,128,128,100,30,external:external_backend_spmm.dtc_spmm,cuda:0,2,1,1,2,0.776813,6.130598,0.001465,61.305978,0.014650,13.873971,47.317719,0.002406,0.064282
Si41Ge41H72,185639,15011265,3,128,128,100,30,external:external_backend_spmm.dtc_spmm,cuda:0,2,1,1,2,0.049346,1.102080,0.000014,11.020798,0.000137,5.235912,5.672550,0.002284,0.064189
Ga41As41H72,268096,18488476,3,128,128,100,30,external:external_backend_spmm.dtc_spmm,cuda:0,2,1,1,2,0.048144,1.495557,0.000165,14.955571,0.001653,7.061238,7.781857,0.002345,0.064159
DD,334925,1686092,3,256,128,100,30,external:external_backend_spmm.dtc_spmm,cuda:0,2,1,1,2,0.005481,2.016728,0.001068,20.167277,0.010684,8.510449,11.457213,0.002396,0.150303
ddi,4267,2140089,3,256,128,100,30,external:external_backend_spmm.dtc_spmm,cuda:0,2,1,1,2,0.056147,0.334569,0.000086,3.345686,0.000857,1.541934,1.606282,0.002355,0.149934
OVCAR-8H,1889542,3946402,3,256,128,100,30,external:external_backend_spmm.dtc_spmm,cuda:0,2,1,1,2,0.011499,10.930802,0.007141,109.308020,0.071407,46.040341,63.062477,0.002442,0.152975
protein,132534,79255038,3,256,128,100,30,external:external_backend_spmm.dtc_spmm,cuda:0,2,1,1,2,0.269209,9.166835,0.010950,91.668351,0.109505,45.131505,46.335590,0.002350,0.149652
reddit,232965,114848857,3,256,128,100,30,external:external_backend_spmm.dtc_spmm,cuda:0,2,1,1,2,1.353101,19.457499,0.022821,194.574991,0.228207,96.703790,97.666329,0.002360,0.149069
web-BerkStan,685230,7600595,3,256,128,100,30,external:external_backend_spmm.dtc_spmm,cuda:0,2,1,1,2,0.284891,7.399620,0.001850,73.996203,0.018501,17.489280,56.306836,0.002412,0.148777
Yeast,1710902,3636546,3,256,128,100,30,external:external_backend_spmm.dtc_spmm,cuda:0,2,1,1,2,0.010440,9.929734,0.007408,99.297342,0.074084,41.760343,57.331906,0.002473,0.153416
YeastH,3138114,6487230,3,256,128,100,30,external:external_backend_spmm.dtc_spmm,cuda:0,2,1,1,2,0.019075,18.198731,0.003291,181.987305,0.032910,76.932132,104.836659,0.002355,0.152991
mip1,66463,10352819,3,256,128,100,30,external:external_backend_spmm.dtc_spmm,cuda:0,2,1,1,2,0.428099,5.664109,0.001469,56.641087,0.014689,27.906847,28.531231,0.002365,0.148444
dc2,116835,766396,3,256,128,100,30,external:external_backend_spmm.dtc_spmm,cuda:0,2,1,1,2,0.565333,9.611213,0.001090,96.112127,0.010900,48.252191,47.655358,0.002376,0.148608
ASIC_680k,682862,3871773,3,256,128,100,30,external:external_backend_spmm.dtc_spmm,cuda:0,2,1,1,2,1.875321,36.898446,0.012747,368.984463,0.127468,181.517389,187.257386,0.002340,0.148849
pwtk,217918,11634424,3,256,128,100,30,external:external_backend_spmm.dtc_spmm,cuda:0,2,1,1,2,0.024018,1.505121,0.000053,15.051207,0.000531,6.489697,8.365184,0.002396,0.147840
rma10,46835,2374001,3,256,128,100,30,external:external_backend_spmm.dtc_spmm,cuda:0,2,1,1,2,0.008727,0.385147,0.000005,3.851473,0.000055,1.611935,2.043105,0.002371,0.148495
shipsec1,140874,7813404,3,256,128,100,30,external:external_backend_spmm.dtc_spmm,cuda:0,2,1,1,2,0.017570,1.094907,0.000027,10.949071,0.000265,4.733061,6.018473,0.002360,0.149294
scircuit,170998,958936,3,256,128,100,30,external:external_backend_spmm.dtc_spmm,cuda:0,2,1,1,2,0.006075,1.102407,0.000408,11.024070,0.004079,4.635643,6.188544,0.002340,0.150339
conf5_4-8x8-10,49152,1916928,3,256,128,100,30,external:external_backend_spmm.dtc_spmm,cuda:0,2,1,1,2,0.006185,0.419365,0.000031,4.193652,0.000312,1.769303,2.225679,0.002309,0.150968
mc2depi,525825,2100225,3,256,128,100,30,external:external_backend_spmm.dtc_spmm,cuda:0,2,1,1,2,0.008399,3.189543,0.002347,31.895426,0.023474,13.551887,18.141102,0.002406,0.153344
cop20k_A,121192,2624331,3,256,128,100,30,external:external_backend_spmm.dtc_spmm,cuda:0,2,1,1,2,0.007980,0.932077,0.000130,9.320768,0.001303,4.008837,5.112893,0.002381,0.150835
webbase-1M,1000005,3105536,3,256,128,100,30,external:external_backend_spmm.dtc_spmm,cuda:0,2,1,1,2,0.117154,7.110354,0.019075,71.103538,0.190748,25.334533,45.567268,0.002330,0.150267
mac_econ_fwd500,206500,1273389,3,256,128,100,30,external:external_backend_spmm.dtc_spmm,cuda:0,2,1,1,2,0.005201,1.317114,0.000027,13.171142,0.000273,5.517788,7.452298,0.002381,0.152392
pdb1HYS,36417,4344765,3,256,128,100,30,external:external_backend_spmm.dtc_spmm,cuda:0,2,1,1,2,0.013999,0.384314,0.000005,3.843143,0.000046,1.558211,2.086446,0.002330,0.150856
consph,83334,6010480,3,256,128,100,30,external:external_backend_spmm.dtc_spmm,cuda:0,2,1,1,2,0.014805,0.724176,0.000084,7.241764,0.000839,3.142154,3.900641,0.002355,0.151009
cant,62451,4007383,3,256,128,100,30,external:external_backend_spmm.dtc_spmm,cuda:0,2,1,1,2,0.011363,0.547051,0.000089,5.470515,0.000893,2.345334,2.926986,0.002371,0.150359
eu-2005,862664,19235140,3,256,128,100,30,external:external_backend_spmm.dtc_spmm,cuda:0,2,1,1,2,0.778604,9.262795,0.002221,92.627950,0.022214,26.689398,65.736003,0.002294,0.151311
Si41Ge41H72,185639,15011265,3,256,128,100,30,external:external_backend_spmm.dtc_spmm,cuda:0,2,1,1,2,0.047889,2.206062,0.000313,22.060617,0.003134,10.088801,11.772483,0.002330,0.150492
Ga41As41H72,268096,18488476,3,256,128,100,30,external:external_backend_spmm.dtc_spmm,cuda:0,2,1,1,2,0.048149,3.047897,0.000220,30.478971,0.002198,13.960863,16.317046,0.002360,0.152151
DD,334925,1686092,3,512,128,100,30,external:external_backend_spmm.dtc_spmm,cuda:0,2,1,1,2,0.005489,5.371324,0.001214,53.713237,0.012139,21.213399,32.295265,0.002371,0.154353
ddi,4267,2140089,3,512,128,100,30,external:external_backend_spmm.dtc_spmm,cuda:0,2,1,1,2,0.055783,0.446630,0.000023,4.466299,0.000228,2.065638,2.195210,0.002335,0.157742
OVCAR-8H,1889542,3946402,3,512,128,100,30,external:external_backend_spmm.dtc_spmm,cuda:0,2,1,1,2,0.011378,29.783905,0.002324,297.839050,0.023244,115.824041,181.791836,0.002350,0.156431
protein,132534,79255038,3,512,128,100,30,external:external_backend_spmm.dtc_spmm,cuda:0,2,1,1,2,0.268075,17.833447,0.011554,178.334465,0.115539,87.027134,91.100569,0.002376,0.152064
reddit,232965,114848857,3,512,128,100,30,external:external_backend_spmm.dtc_spmm,cuda:0,2,1,1,2,1.363395,33.601947,0.006908,336.019475,0.069084,166.094515,169.714765,0.002345,0.152366
web-BerkStan,685230,7600595,3,512,128,100,30,external:external_backend_spmm.dtc_spmm,cuda:0,2,1,1,2,0.284770,14.462709,0.017119,144.627092,0.171187,42.829056,101.593375,0.002371,0.152632
Yeast,1710902,3636546,3,512,128,100,30,external:external_backend_spmm.dtc_spmm,cuda:0,2,1,1,2,0.010671,26.908374,0.012628,269.083737,0.126276,104.999885,163.869778,0.002391,0.155996
YeastH,3138114,6487230,3,512,128,100,30,external:external_backend_spmm.dtc_spmm,cuda:0,2,1,1,2,0.018118,50.002858,0.017953,500.028580,0.179525,192.098626,307.713510,0.002376,0.154378
mip1,66463,10352819,3,512,128,100,30,external:external_backend_spmm.dtc_spmm,cuda:0,2,1,1,2,0.428018,6.536214,0.001628,65.362144,0.016279,31.504722,33.655900,0.002345,0.152038
dc2,116835,766396,3,512,128,100,30,external:external_backend_spmm.dtc_spmm,cuda:0,2,1,1,2,0.563892,10.795191,0.008768,107.951912,0.087679,52.469770,55.278623,0.002350,0.152530
ASIC_680k,682862,3871773,3,512,128,100,30,external:external_backend_spmm.dtc_spmm,cuda:0,2,1,1,2,1.875987,44.749886,0.060352,447.498860,0.603525,212.226319,235.059773,0.002314,0.153175
pwtk,217918,11634424,3,512,128,100,30,external:external_backend_spmm.dtc_spmm,cuda:0,2,1,1,2,0.023689,3.815501,0.002335,38.155010,0.023353,15.406433,22.546831,0.002412,0.152832
rma10,46835,2374001,3,512,128,100,30,external:external_backend_spmm.dtc_spmm,cuda:0,2,1,1,2,0.008615,0.890954,0.000059,8.909540,0.000588,3.596611,5.112238,0.002263,0.152315
shipsec1,140874,7813404,3,512,128,100,30,external:external_backend_spmm.dtc_spmm,cuda:0,2,1,1,2,0.017539,2.677770,0.000719,26.777703,0.007185,11.022802,15.551857,0.002386,0.153718
scircuit,170998,958936,3,512,128,100,30,external:external_backend_spmm.dtc_spmm,cuda:0,2,1,1,2,0.006103,2.803143,0.000336,28.031425,0.003363,11.106406,16.721674,0.002371,0.154286
conf5_4-8x8-10,49152,1916928,3,512,128,100,30,external:external_backend_spmm.dtc_spmm,cuda:0,2,1,1,2,0.006130,0.971378,0.000190,9.713784,0.001904,3.961554,5.551544,0.002365,0.152924
mc2depi,525825,2100225,3,512,128,100,30,external:external_backend_spmm.dtc_spmm,cuda:0,2,1,1,2,0.006387,8.446242,0.004728,84.462423,0.047285,33.495076,50.762440,0.002376,0.154081
cop20k_A,121192,2624331,3,512,128,100,30,external:external_backend_spmm.dtc_spmm,cuda:0,2,1,1,2,0.007758,2.268143,0.000014,22.681428,0.000142,9.272837,13.206369,0.002350,0.153897
webbase-1M,1000005,3105536,3,512,128,100,30,external:external_backend_spmm.dtc_spmm,cuda:0,2,1,1,2,0.116970,17.000322,0.001694,170.003217,0.016944,62.604856,107.191542,0.002412,0.154348
mac_econ_fwd500,206500,1273389,3,512,128,100,30,external:external_backend_spmm.dtc_spmm,cuda:0,2,1,1,2,0.004814,3.375421,0.000073,33.754206,0.000729,13.354102,20.197115,0.002355,0.154286
pdb1HYS,36417,4344765,3,512,128,100,30,external:external_backend_spmm.dtc_spmm,cuda:0,2,1,1,2,0.013877,0.810375,0.000898,8.103749,0.008977,3.342454,4.561562,0.002324,0.151962
consph,83334,6010480,3,512,128,100,30,external:external_backend_spmm.dtc_spmm,cuda:0,2,1,1,2,0.014543,1.693478,0.000016,16.934784,0.000156,7.035423,9.699200,0.002396,0.151987
cant,62451,4007383,3,512,128,100,30,external:external_backend_spmm.dtc_spmm,cuda:0,2,1,1,2,0.011517,1.265511,0.000006,12.655109,0.000056,5.226998,7.227909,0.002330,0.152197
eu-2005,862664,19235140,3,512,128,100,30,external:external_backend_spmm.dtc_spmm,cuda:0,2,1,1,2,0.784424,18.475836,0.019564,184.758362,0.195641,61.456753,123.095562,0.002417,0.152422
Si41Ge41H72,185639,15011265,3,512,128,100,30,external:external_backend_spmm.dtc_spmm,cuda:0,2,1,1,2,0.047724,4.983167,0.003089,49.831665,0.030888,21.839979,27.789727,0.002340,0.152791
Ga41As41H72,268096,18488476,3,512,128,100,30,external:external_backend_spmm.dtc_spmm,cuda:0,2,1,1,2,0.047789,7.008890,0.000127,70.088901,0.001274,30.558193,39.326981,0.002417,0.153871
