dataSet,num_nodes,num_edges,16_1,8_1,8_1_balance,8_1_map
DD,334926,1686092,0.8748031854629517,0.5750111937522888,0.6195839643478394,0.5304319858551025
OVCAR-8H,1889543,3946402,3.583078384399414,2.4550271034240723,2.8333568572998047,2.3390207290649414
Yeast,1710903,3636546,3.083571195602417,2.298102378845215,2.5127296447753906,2.057523250579834
YeastH,3138115,6487230,5.983129501342773,4.049481391906738,4.673948764801025,3.9596030712127686
ddi,4268,2140089,0.47749119997024536,0.3769088089466095,0.2221120148897171,0.235315203666687
protein,132535,79255038,21.414501190185547,14.9782075881958,11.904406547546387,10.514636993408203
reddit,232966,114848857,37.20110321044922,22.643516540527344,17.62156867980957,18.096742630004883
web-BerkStan,685231,7600595,1.8619391918182373,1.3029344081878662,1.2568928003311157,1.0732543468475342
Si41Ge41H72,185639,15011265,3.2281601428985596,1.8669567108154297,1.4359967708587646,1.328230381011963
Ga41As41H72,268096,18488476,4.528537750244141,2.5041985511779785,1.9633344411849976,1.8918399810791016
cop20k_A,121192,2624331,0.7680000066757202,0.425955206155777,0.3805727958679199,0.3415040075778961
mip1,66463,10352819,6.1845502853393555,4.660467147827148,0.40096959471702576,3.2402431964874268
consph,83334,6010480,0.6227968335151672,0.4411168098449707,0.32600319385528564,0.3035135865211487
mac_econ_fwd500,206500,1273389,0.6559743881225586,0.4325632154941559,0.41197118163108826,0.35368961095809937
webbase-1M,1000005,3105536,1.902387261390686,1.4374624490737915,1.525712013244629,1.2275712490081787
dc2,116835,766396,12.281343460083008,8.597283363342285,0.27763840556144714,5.626163005828857
rma10,46835,2374001,0.24401919543743134,0.18682239949703217,0.15436160564422607,0.13588479161262512
scircuit,170998,958936,0.48783358931541443,0.3195679783821106,0.3412320017814636,0.28415998816490173
pwtk,217918,11634424,0.9459711909294128,0.7129696011543274,0.5845311880111694,0.5253120064735413
ASIC_680k,682862,3871773,40.40827178955078,26.13467025756836,1.6322368383407593,18.82316780090332
cant,62451,4007383,0.4378623962402344,0.3164448142051697,0.233446404337883,0.21319679915905
pdb1HYS,36417,4344765,0.29962238669395447,0.25353601574897766,0.18624959886074066,0.17223680019378662
shipsec1,140874,7813404,0.8559616208076477,0.5898143649101257,0.46330562233924866,0.42332157492637634
eu-2005,862664,19235140,3.894169569015503,2.490633487701416,2.152454376220703,1.9796991348266602
mc2depi,525825,2100225,1.3687808513641357,0.9531008005142212,1.0019488334655762,0.8630272150039673
conf5_4-8x8-10,49152,1916928,0.31191039085388184,0.22355198860168457,0.18092159926891327,0.16005119681358337
